citation_key,year,title,entry_type,venue,domain,role,publication_status,persistent_id,ocean_axes,evidence_setting,coding_note,study_id,configuration_count,configuration_status
ha2018world,2018,Recurrent World Models Facilitate Policy Evolution,inproceedings,Advances in Neural Information Processing Systems 31,world_models_and_control,foundational_or_component_method,peer_reviewed_or_book,https://proceedings.neurips.cc/paper/2018/hash/2de5d16682c3c35007e4e92982f1a2ba-Abstract.html,E;A,S,Peer-reviewed NeurIPS record used for the retained simulated world-model control configuration.,S001,1,configuration_coded
hafner2023dreamerv3,2025,Mastering diverse control tasks through world models,article,Nature,world_models_and_control,foundational_or_component_method,peer_reviewed_or_book,https://doi.org/10.1038/s41586-025-08744-2,E;A,S,Peer-reviewed Nature version of record used for the retained simulated world-model control configuration.,S002,1,configuration_coded
lecun2022path,2022,A Path Towards Autonomous Machine Intelligence,misc,,world_models_and_control,foundational_or_component_method,preprint,https://openreview.net/forum?id=BZ5a1r-kVsf,E;A,,,S003,0,interface_support_only
kober2013rlrobotics,2013,Reinforcement Learning in Robotics: A Survey,article,The International Journal of Robotics Research,world_models_and_control,foundational_or_component_method,peer_reviewed_or_book,https://doi.org/10.1177/0278364913495721,E;A,,,S004,0,interface_support_only
raissi2019pinn,2019,Physics-Informed Neural Networks: A Deep Learning Framework for Solving Forward and Inverse Problems Involving Nonlinear Partial Differential Equations,article,Journal of Computational Physics,scientific_machine_learning,foundational_or_component_method,peer_reviewed_or_book,https://doi.org/10.1016/j.jcp.2018.10.045,C,D,,S005,1,configuration_coded
karniadakis2021piml,2021,Physics-Informed Machine Learning,article,Nature Reviews Physics,scientific_machine_learning,survey_or_review,peer_reviewed_or_book,https://doi.org/10.1038/s42254-021-00314-5,C,,,S006,0,interface_support_only
brunton2020fluid,2020,Machine Learning for Fluid Mechanics,article,Annual Review of Fluid Mechanics,scientific_machine_learning,foundational_or_component_method,peer_reviewed_or_book,https://doi.org/10.1146/annurev-fluid-010719-060214,C,,,S007,0,interface_support_only
reichstein2019earth,2019,Deep Learning and Process Understanding for Data-Driven Earth System Science,article,Nature,scientific_machine_learning,foundational_or_component_method,peer_reviewed_or_book,https://doi.org/10.1038/s41586-019-0912-1,C,,,S008,0,interface_support_only
willard2023scientific,2023,Integrating Scientific Knowledge with Machine Learning for Engineering and Environmental Systems,article,ACM Computing Surveys,scientific_machine_learning,survey_or_review,peer_reviewed_or_book,https://doi.org/10.1145/3514228,C,,,S009,0,interface_support_only
sonnewald2021bridging,2021,"Bridging Observations, Theory and Numerical Simulation of the Ocean Using Machine Learning",article,Environmental Research Letters,scientific_machine_learning,foundational_or_component_method,peer_reviewed_or_book,https://doi.org/10.1088/1748-9326/ac0eb0,C,D,,S010,0,interface_support_only
bolton2019ocean,2019,Applications of Deep Learning to Ocean Data Inference and Subgrid Parameterization,article,Journal of Advances in Modeling Earth Systems,scientific_machine_learning,foundational_or_component_method,peer_reviewed_or_book,https://doi.org/10.1029/2018MS001472,C,D,,S011,2,configuration_coded
fablet2021varda,2021,Learning Variational Data Assimilation Models and Solvers,article,Journal of Advances in Modeling Earth Systems,scientific_machine_learning,foundational_or_component_method,peer_reviewed_or_book,https://doi.org/10.1029/2021MS002572,C,D,,S012,1,configuration_coded
storto2019reanalysis,2019,Ocean Reanalyses: Recent Advances and Unsolved Challenges,article,Frontiers in Marine Science,assimilation_and_state_estimation,foundational_or_component_method,peer_reviewed_or_book,https://doi.org/10.3389/fmars.2019.00418,O;E,,,S013,0,interface_support_only
roemmich2009argo,2009,The Argo Program: Observing the Global Ocean with Profiling Floats,article,Oceanography,observing_and_data_infrastructure,foundational_or_component_method,peer_reviewed_or_book,https://doi.org/10.5670/oceanog.2009.36,O,,,S014,0,interface_support_only
roemmich2019futureargo,2019,"On the Future of Argo: A Global, Full-Depth, Multi-Disciplinary Array",article,Frontiers in Marine Science,observing_and_data_infrastructure,foundational_or_component_method,peer_reviewed_or_book,https://doi.org/10.3389/fmars.2019.00439,O,,,S015,0,interface_support_only
tanhua2019framework,2019,What We Have Learned From the Framework for Ocean Observing: Evolution of the Global Ocean Observing System,article,Frontiers in Marine Science,observing_and_data_infrastructure,foundational_or_component_method,peer_reviewed_or_book,https://doi.org/10.3389/fmars.2019.00471,O,,,S016,0,interface_support_only
levin2019deep,2019,Global Observing Needs in the Deep Ocean,article,Frontiers in Marine Science,observing_and_data_infrastructure,foundational_or_component_method,peer_reviewed_or_book,https://doi.org/10.3389/fmars.2019.00241,O,,,S017,0,interface_support_only
pearlman2019best,2019,Evolving and Sustaining Ocean Best Practices and Standards for the Next Decade,article,Frontiers in Marine Science,observing_and_data_infrastructure,foundational_or_component_method,peer_reviewed_or_book,https://doi.org/10.3389/fmars.2019.00277,O,,,S018,0,interface_support_only
rudnick2004gliders,2004,Underwater Gliders for Ocean Research,article,Marine Technology Society Journal,observing_and_data_infrastructure,foundational_or_component_method,peer_reviewed_or_book,https://doi.org/10.4031/002533204787522703,O,,,S019,0,interface_support_only
yuh2000survey,2000,Design and Control of Autonomous Underwater Robots: A Survey,article,Autonomous Robots,marine_robotics_and_active_sensing,survey_or_review,peer_reviewed_or_book,https://doi.org/10.1023/A:1008984701078,A,,,S020,0,interface_support_only
paull2014navigation,2014,AUV Navigation and Localization: A Review,article,IEEE Journal of Oceanic Engineering,marine_robotics_and_active_sensing,survey_or_review,peer_reviewed_or_book,https://doi.org/10.1109/JOE.2013.2278891,A,,,S021,0,interface_support_only
wynn2014auv,2014,"Autonomous Underwater Vehicles (AUVs): Their Past, Present and Future Contributions to the Advancement of Marine Geoscience",article,Marine Geology,marine_robotics_and_active_sensing,survey_or_review,peer_reviewed_or_book,https://doi.org/10.1016/j.margeo.2014.03.012,A,,,S022,0,interface_support_only
akyildiz2005uwsn,2005,Underwater Acoustic Sensor Networks: Research Challenges,article,Ad Hoc Networks,underwater_acoustics_and_communication,foundational_or_component_method,peer_reviewed_or_book,https://doi.org/10.1016/j.adhoc.2005.01.004,O,,,S023,0,interface_support_only
stojanovic2009channel,2009,Underwater Acoustic Communication Channels: Propagation Models and Statistical Characterization,article,IEEE Communications Magazine,underwater_acoustics_and_communication,foundational_or_component_method,peer_reviewed_or_book,https://doi.org/10.1109/MCOM.2009.4752682,O,,,S024,0,interface_support_only
heidemann2012networks,2012,"Underwater Sensor Networks: Applications, Advances and Challenges",article,"Philosophical Transactions of the Royal Society A: Mathematical, Physical and Engineering Sciences",underwater_acoustics_and_communication,foundational_or_component_method,peer_reviewed_or_book,https://doi.org/10.1098/rsta.2011.0214,O,,,S025,0,interface_support_only
kaushal2016optical,2016,Underwater Optical Wireless Communication,article,IEEE Access,underwater_acoustics_and_communication,foundational_or_component_method,peer_reviewed_or_book,https://doi.org/10.1109/ACCESS.2016.2552538,O,,,S026,0,interface_support_only
fiorelli2006adaptive,2006,Multi-AUV Control and Adaptive Sampling in Monterey Bay,article,IEEE Journal of Oceanic Engineering,marine_robotics_and_active_sensing,foundational_or_component_method,peer_reviewed_or_book,https://doi.org/10.1109/JOE.2006.880429,A,F,,S027,1,configuration_coded
leonard2010gliderfleet,2010,Coordinated Control of an Underwater Glider Fleet in an Adaptive Ocean Sampling Field Experiment in Monterey Bay,article,Journal of Field Robotics,marine_robotics_and_active_sensing,foundational_or_component_method,peer_reviewed_or_book,https://doi.org/10.1002/rob.20366,A,F,,S028,1,configuration_coded
bauer2021digital,2021,A Digital Twin of Earth for the Green Transition,article,Nature Climate Change,digital_twins,foundational_or_component_method,peer_reviewed_or_book,https://doi.org/10.1038/s41558-021-00986-y,context,,,S029,0,interface_support_only
chattopadhyay2024oceannet,2024,OceanNet: A Principled Neural Operator-Based Digital Twin for Regional Oceans,article,Scientific Reports,learned_ocean_systems_and_benchmarks,ocean_system,peer_reviewed_or_book,https://doi.org/10.1038/s41598-024-72145-0,C;E,D,,S030,1,configuration_coded
wang2024xihe,2024,XiHe: A Data-Driven Model for Global Ocean Eddy-Resolving Forecasting,article,arXiv preprint arXiv:2402.02995,learned_ocean_systems_and_benchmarks,ocean_system,preprint,https://doi.org/10.48550/arXiv.2402.02995,C;E,D,,S031,1,configuration_coded
cui2025wenhai,2025,Forecasting the Eddying Ocean with a Deep Neural Network,article,Nature Communications,learned_ocean_systems_and_benchmarks,ocean_system,peer_reviewed_or_book,https://doi.org/10.1038/s41467-025-57389-2,C;E,D,,S032,1,configuration_coded
niu2026fuxiocean,2026,A Deep Learning Global Ocean Forecasting Model with Sub-Daily and Eddy-Resolving Resolution,article,npj Climate and Atmospheric Science,learned_ocean_systems_and_benchmarks,ocean_system,peer_reviewed_or_book,https://doi.org/10.1038/s41612-026-01444-2,C;E,D,,S033,1,configuration_coded
jia2025oceanforecastbench,2025,OceanForecastBench: A Benchmark Dataset for Data-Driven Global Ocean Forecasting,article,arXiv preprint arXiv:2511.18732,learned_ocean_systems_and_benchmarks,benchmark_or_benchmark_method,preprint,https://doi.org/10.48550/arXiv.2511.18732,C;E,D,,S034,1,configuration_coded
elaouni2025oceanbench,2025,OceanBench: A Benchmark for Data-Driven Global Ocean Forecasting Systems,inproceedings,Advances in Neural Information Processing Systems 38 (Datasets and Benchmarks Track),learned_ocean_systems_and_benchmarks,benchmark_or_benchmark_method,peer_reviewed_or_book,https://proceedings.neurips.cc/paper_files/paper/2025/hash/0d1635dfa43efe7477f9b6dab3168fd8-Abstract-Datasets_and_Benchmarks_Track.html,C;E,D,,S035,1,configuration_coded
brunke2022safe,2022,Safe Learning in Robotics: From Learning-Based Control to Safe Reinforcement Learning,article,"Annual Review of Control, Robotics, and Autonomous Systems",uncertainty_safety_and_validation,assurance_method,peer_reviewed_or_book,https://doi.org/10.1146/annurev-control-042920-020211,N,,,S036,0,interface_support_only
corso2021safety,2021,A Survey of Algorithms for Black-Box Safety Validation of Cyber-Physical Systems,article,Journal of Artificial Intelligence Research,uncertainty_safety_and_validation,assurance_method,peer_reviewed_or_book,https://doi.org/10.1613/jair.1.12716,N,,,S037,0,interface_support_only
carrassi2018da,2018,"Data Assimilation in the Geosciences: An Overview of Methods, Issues, and Perspectives",article,WIREs Climate Change,assimilation_and_state_estimation,foundational_or_component_method,peer_reviewed_or_book,https://doi.org/10.1002/wcc.535,O;E,,,S038,0,interface_support_only
gneiting2007scoring,2007,"Strictly Proper Scoring Rules, Prediction, and Estimation",article,Journal of the American Statistical Association,uncertainty_safety_and_validation,assurance_method,peer_reviewed_or_book,https://doi.org/10.1198/016214506000001437,N,,,S039,0,interface_support_only
moerland2023mbrl,2023,Model-Based Reinforcement Learning: A Survey,article,Foundations and Trends in Machine Learning,world_models_and_control,survey_or_review,peer_reviewed_or_book,https://doi.org/10.1561/2200000086,E;A,,,S040,0,interface_support_only
fuller2020digital,2020,"Digital Twin: Enabling Technologies, Challenges and Open Research",article,IEEE Access,digital_twins,foundational_or_component_method,peer_reviewed_or_book,https://doi.org/10.1109/ACCESS.2020.2998358,context,,,S041,0,interface_support_only
heimbach2025crafting,2025,Crafting the Future: Machine Learning for Ocean Forecasting,article,State Planet,learned_ocean_systems_and_benchmarks,survey_or_review,peer_reviewed_or_book,https://doi.org/10.5194/sp-5-opsr-22-2025,C;E,,,S042,0,interface_support_only
guo2025orcadl,2025,Data-Driven Global Ocean Modeling for Seasonal to Decadal Prediction,article,Science Advances,learned_ocean_systems_and_benchmarks,ocean_system,peer_reviewed_or_book,https://doi.org/10.1126/sciadv.adu2488,C;E,D,,S043,1,configuration_coded
kim2026kistocean,2026,Data-Driven Global Ocean Model Resolving Atmospherically Forced Ocean Dynamics,article,Science Advances,learned_ocean_systems_and_benchmarks,ocean_system,peer_reviewed_or_book,https://doi.org/10.1126/sciadv.aed1225,C;E,D,Peer-reviewed component evidence; article identifier eaed1225; system-level extensions require separate evidence.,S044,1,configuration_coded
raine2026marine,2026,AI-Driven Marine Robotics: Emerging Trends in Underwater Perception and Ecosystem Monitoring,article,Proceedings of the AAAI Conference on Artificial Intelligence,marine_robotics_and_active_sensing,survey_or_review,peer_reviewed_or_book,https://doi.org/10.1609/aaai.v40i48.42133,O;A;N,,The review concerns underwater perception and ecosystem monitoring; it informs observation agency and shift interfaces but is not itself an evaluated ocean forecasting system.,S045,0,interface_support_only
jensen2011computational,2011,Computational Ocean Acoustics,book,,underwater_acoustics_and_communication,foundational_or_component_method,peer_reviewed_or_book,https://doi.org/10.1007/978-1-4419-8678-8,O,,,S046,0,interface_support_only
munk1995tomography,1995,Ocean Acoustic Tomography,book,,underwater_acoustics_and_communication,foundational_or_component_method,peer_reviewed_or_book,https://doi.org/10.1017/CBO9780511666926,O,,,S047,0,interface_support_only
kinsey2006survey,2006,A Survey of Underwater Vehicle Navigation: Recent Advances and New Challenges,inproceedings,Proceedings of the 7th IFAC Conference on Manoeuvring and Control of Marine Craft,marine_robotics_and_active_sensing,survey_or_review,peer_reviewed_or_book,https://www.whoi.edu/cms/files/jkinsey-2006a_20090.pdf,A,,,S048,0,interface_support_only
eustice2008van,2008,Visually Augmented Navigation for Autonomous Underwater Vehicles,article,IEEE Journal of Oceanic Engineering,marine_robotics_and_active_sensing,foundational_or_component_method,peer_reviewed_or_book,https://doi.org/10.1109/JOE.2008.923547,A,F,,S049,1,configuration_coded
lu2021deeponet,2021,Learning Nonlinear Operators via DeepONet Based on the Universal Approximation Theorem of Operators,article,Nature Machine Intelligence,scientific_machine_learning,foundational_or_component_method,peer_reviewed_or_book,https://doi.org/10.1038/s42256-021-00302-5,C,D,,S050,1,configuration_coded
li2021fno,2021,Fourier Neural Operator for Parametric Partial Differential Equations,inproceedings,International Conference on Learning Representations,scientific_machine_learning,foundational_or_component_method,peer_reviewed_or_book,https://openreview.net/forum?id=c8P9NQVtmnO,C,D,,S051,1,configuration_coded
kovachki2023neuraloperator,2023,Neural Operator: Learning Maps Between Function Spaces with Applications to PDEs,article,Journal of Machine Learning Research,scientific_machine_learning,foundational_or_component_method,peer_reviewed_or_book,https://jmlr.org/papers/v24/21-1524.html,C,D,,S052,1,configuration_coded
pathak2022fourcastnet,2022,FourCastNet: A Global Data-Driven High-Resolution Weather Model Using Adaptive Fourier Neural Operators,article,arXiv preprint arXiv:2202.11214,scientific_machine_learning,foundational_or_component_method,preprint,https://doi.org/10.48550/arXiv.2202.11214,C,D,,S053,1,configuration_coded
bi2023pangu,2023,Accurate Medium-Range Global Weather Forecasting with 3D Neural Networks,article,Nature,scientific_machine_learning,foundational_or_component_method,peer_reviewed_or_book,https://doi.org/10.1038/s41586-023-06185-3,C,D,,S054,1,configuration_coded
lam2023graphcast,2023,Learning Skillful Medium-Range Global Weather Forecasting,article,Science,scientific_machine_learning,foundational_or_component_method,peer_reviewed_or_book,https://doi.org/10.1126/science.adi2336,C,D,,S055,1,configuration_coded
kochkov2024neuralgcm,2024,Neural General Circulation Models for Weather and Climate,article,Nature,scientific_machine_learning,foundational_or_component_method,peer_reviewed_or_book,https://doi.org/10.1038/s41586-024-07744-y,C,D,,S056,1,configuration_coded
bodnar2025aurora,2025,A Foundation Model for the Earth System,article,Nature,scientific_machine_learning,foundational_or_component_method,peer_reviewed_or_book,https://doi.org/10.1038/s41586-025-09005-y,C,D,,S057,1,configuration_coded
nguyen2023climax,2023,ClimaX: A Foundation Model for Weather and Climate,inproceedings,Proceedings of the 40th International Conference on Machine Learning,scientific_machine_learning,foundational_or_component_method,peer_reviewed_or_book,https://proceedings.mlr.press/v202/nguyen23a.html,C,D,,S058,1,configuration_coded
evensen2003enkf,2003,The Ensemble Kalman Filter: Theoretical Formulation and Practical Implementation,article,Ocean Dynamics,assimilation_and_state_estimation,foundational_or_component_method,peer_reviewed_or_book,https://doi.org/10.1007/s10236-003-0036-9,O;E,D,,S059,1,configuration_coded
forget2015ecco,2015,ECCO Version 4: An Integrated Framework for Non-Linear Inverse Modeling and Global Ocean State Estimation,article,Geoscientific Model Development,assimilation_and_state_estimation,foundational_or_component_method,peer_reviewed_or_book,https://doi.org/10.5194/gmd-8-3071-2015,O;E,D,,S060,1,configuration_coded
lellouche2021glorys,2021,The Copernicus Global 1/12 Degree Oceanic and Sea Ice GLORYS12 Reanalysis,article,Frontiers in Earth Science,assimilation_and_state_estimation,foundational_or_component_method,peer_reviewed_or_book,https://doi.org/10.3389/feart.2021.698876,O;E,D,,S061,1,configuration_coded
good2013en4,2013,EN4: Quality Controlled Ocean Temperature and Salinity Profiles and Monthly Objective Analyses with Uncertainty Estimates,article,Journal of Geophysical Research: Oceans,assimilation_and_state_estimation,foundational_or_component_method,peer_reviewed_or_book,https://doi.org/10.1002/2013JC009067,O;E,D,,S062,1,configuration_coded
dheeshjith2025samudra,2025,Samudra: An AI Global Ocean Emulator for Climate,article,Geophysical Research Letters,learned_ocean_systems_and_benchmarks,ocean_system,peer_reviewed_or_book,https://doi.org/10.1029/2024GL114318,C;E,D,,S063,1,configuration_coded
elaouni2025glonet,2025,GLONET: Mercator's End-to-End Neural Global Ocean Forecasting System,article,Journal of Geophysical Research: Machine Learning and Computation,learned_ocean_systems_and_benchmarks,ocean_system,peer_reviewed_or_book,https://doi.org/10.1029/2025JH000686,C;E,D,,S064,1,configuration_coded
holmberg2025seacast,2025,Accurate Mediterranean Sea Forecasting via Graph-Based Deep Learning,article,Scientific Reports,learned_ocean_systems_and_benchmarks,ocean_system,peer_reviewed_or_book,https://doi.org/10.1038/s41598-025-31177-w,C;E,D,,S065,1,configuration_coded
gao2026neuralom,2026,NeuralOM: Neural Ocean Model for Subseasonal-to-Seasonal Simulation,article,Proceedings of the AAAI Conference on Artificial Intelligence,learned_ocean_systems_and_benchmarks,ocean_system,peer_reviewed_or_book,https://doi.org/10.1609/aaai.v40i17.38495,C;E,D,,S066,1,configuration_coded
holmberg2026njord,2026,Njord: A Probabilistic Graph Neural Network for Ensemble Ocean Forecasting,article,arXiv preprint arXiv:2605.15470,learned_ocean_systems_and_benchmarks,ocean_system,preprint,https://doi.org/10.48550/arXiv.2605.15470,C;E,D,,S067,1,configuration_coded
huang2026fuxions,2026,Data-Driven Ensemble Prediction of the Global Ocean,article,arXiv preprint arXiv:2603.19591,learned_ocean_systems_and_benchmarks,ocean_system,preprint,https://doi.org/10.48550/arXiv.2603.19591,C;E,D,,S068,1,configuration_coded
zhang2025oceancastnet,2025,Ocean Wave Forecasting with Deep Learning as Alternative to Conventional Models,article,Journal of Advances in Modeling Earth Systems,learned_ocean_systems_and_benchmarks,ocean_system,peer_reviewed_or_book,https://doi.org/10.1029/2025MS005285,C;E,D,,S069,1,configuration_coded
ross2023subgridbenchmark,2023,Benchmarking of Machine Learning Ocean Subgrid Parameterizations in an Idealized Model,article,Journal of Advances in Modeling Earth Systems,ocean_parameterization_and_hybrid_models,benchmark_or_benchmark_method,peer_reviewed_or_book,https://doi.org/10.1029/2022MS003258,C,D;S,,S070,2,configuration_coded
guillaumin2021stochastic,2021,Stochastic-Deep Learning Parameterization of Ocean Momentum Forcing,article,Journal of Advances in Modeling Earth Systems,ocean_parameterization_and_hybrid_models,foundational_or_component_method,peer_reviewed_or_book,https://doi.org/10.1029/2021MS002534,C,D;S,,S071,2,configuration_coded
frezat2021invariance,2021,Physical Invariance in Neural Networks for Subgrid-Scale Scalar Flux Modeling,article,Physical Review Fluids,ocean_parameterization_and_hybrid_models,foundational_or_component_method,peer_reviewed_or_book,https://doi.org/10.1103/PhysRevFluids.6.024607,C,S,,S072,1,configuration_coded
perezhogin2024stable,2024,A Stable Implementation of a Data-Driven Scale-Aware Mesoscale Parameterization,article,Journal of Advances in Modeling Earth Systems,ocean_parameterization_and_hybrid_models,foundational_or_component_method,peer_reviewed_or_book,https://doi.org/10.1029/2023MS004104,C,D;S,,S073,2,configuration_coded
brajard2020daml,2020,Combining Data Assimilation and Machine Learning to Emulate a Dynamical Model from Sparse and Noisy Observations: A Case Study with the Lorenz 96 Model,article,Journal of Computational Science,assimilation_and_state_estimation,foundational_or_component_method,peer_reviewed_or_book,https://doi.org/10.1016/j.jocs.2020.101171,O;E,D,,S074,2,configuration_coded
hollinger2014sampling,2014,Sampling-Based Robotic Information Gathering Algorithms,article,The International Journal of Robotics Research,marine_robotics_and_active_sensing,foundational_or_component_method,peer_reviewed_or_book,https://doi.org/10.1177/0278364914533443,A,S,,S075,1,configuration_coded
cieslak2019stonefish,2019,"Stonefish: An Advanced Open-Source Simulation Tool Designed for Marine Robotics, with a ROS Interface",inproceedings,OCEANS 2019 - Marseille,marine_robotics_and_active_sensing,foundational_or_component_method,peer_reviewed_or_book,https://doi.org/10.1109/OCEANSE.2019.8867434,A,S,,S076,1,configuration_coded
potokar2022holoocean,2022,HoloOcean: An Underwater Robotics Simulator,inproceedings,2022 International Conference on Robotics and Automation,marine_robotics_and_active_sensing,foundational_or_component_method,peer_reviewed_or_book,https://doi.org/10.1109/ICRA46639.2022.9812353,A,S,,S077,1,configuration_coded
grimaldi2025stonefish,2025,Stonefish: Supporting Machine Learning Research in Marine Robotics,inproceedings,2025 IEEE International Conference on Robotics and Automation (ICRA),marine_robotics_and_active_sensing,foundational_or_component_method,peer_reviewed_or_book,https://doi.org/10.1109/ICRA55743.2025.11127421,A,S,Version of record at ICRA 2025 replaces the arXiv preprint; simulator capability remains distinct from field-readiness evidence.,S078,1,configuration_coded
swellex1996,1996,SWellEx-96 Experimental Data Archive,misc,Online dataset,underwater_acoustics_and_communication,resource_or_provenance,resource_or_provenance,https://swellex96.ucsd.edu/,O,,,S079,0,interface_support_only
noaaacousticarchive,2017,Passive Acoustic Data Collection,misc,Online data collection,underwater_acoustics_and_communication,resource_or_provenance,resource_or_provenance,https://doi.org/10.25921/PF0H-SQ72,O,,,S080,0,interface_support_only
gebco2026,2026,The GEBCO\_2026 Grid: A Continuous Terrain Model for Oceans and Land at 15 Arc-Second Intervals,misc,Global bathymetric data product,observing_and_data_infrastructure,resource_or_provenance,resource_or_provenance,https://doi.org/10.5285/4f68d5c7-45eb-f999-e063-7086abc036fa,O,,,S081,0,interface_support_only
copernicusmarine2026,2026,Marine Data Store and Global Ocean Products,misc,Online data service,observing_and_data_infrastructure,resource_or_provenance,resource_or_provenance,https://data.marine.copernicus.eu/,O,,,S082,0,interface_support_only
wilkinson2016fair,2016,The FAIR Guiding Principles for Scientific Data Management and Stewardship,article,Scientific Data,reporting_and_review_method,foundational_or_component_method,peer_reviewed_or_book,https://doi.org/10.1038/sdata.2016.18,N,,,S083,0,interface_support_only
gebru2021datasheets,2021,Datasheets for Datasets,article,Communications of the ACM,reporting_and_review_method,foundational_or_component_method,peer_reviewed_or_book,https://doi.org/10.1145/3458723,N,,,S084,0,interface_support_only
mitchell2019modelcards,2019,Model Cards for Model Reporting,inproceedings,"Proceedings of the Conference on Fairness, Accountability, and Transparency",reporting_and_review_method,foundational_or_component_method,peer_reviewed_or_book,https://doi.org/10.1145/3287560.3287596,N,,,S085,0,interface_support_only
pineau2021reproducibility,2021,Improving Reproducibility in Machine Learning Research: A Report from the NeurIPS 2019 Reproducibility Program,article,Journal of Machine Learning Research,reporting_and_review_method,foundational_or_component_method,peer_reviewed_or_book,https://jmlr.org/papers/v22/20-303.html,N,,,S086,0,interface_support_only
lakshminarayanan2017ensembles,2017,Simple and Scalable Predictive Uncertainty Estimation Using Deep Ensembles,inproceedings,Advances in Neural Information Processing Systems,uncertainty_safety_and_validation,assurance_method,peer_reviewed_or_book,https://papers.nips.cc/paper/7219-simple-and-scalable-predictive-uncertainty-estimation-using-deep-ensembles,N,D,,S087,1,configuration_coded
ovadia2019uncertainty,2019,Can You Trust Your Model's Uncertainty? Evaluating Predictive Uncertainty under Dataset Shift,inproceedings,Advances in Neural Information Processing Systems,uncertainty_safety_and_validation,assurance_method,peer_reviewed_or_book,https://proceedings.neurips.cc/paper/2019/hash/8558cb408c1d76621371888657d2eb1d-Abstract.html,N,D,,S088,1,configuration_coded
hendrycks2017ood,2017,A Baseline for Detecting Misclassified and Out-of-Distribution Examples in Neural Networks,inproceedings,International Conference on Learning Representations,uncertainty_safety_and_validation,assurance_method,peer_reviewed_or_book,https://openreview.net/forum?id=Hkg4TI9xl,N,D,,S089,1,configuration_coded
wohlin2014snowballing,2014,Guidelines for Snowballing in Systematic Literature Studies and a Replication in Software Engineering,inproceedings,Proceedings of the 18th International Conference on Evaluation and Assessment in Software Engineering,reporting_and_review_method,foundational_or_component_method,peer_reviewed_or_book,https://doi.org/10.1145/2601248.2601268,N,,,S090,0,interface_support_only
snyder2019review,2019,Literature Review as a Research Methodology: An Overview and Guidelines,article,Journal of Business Research,reporting_and_review_method,foundational_or_component_method,peer_reviewed_or_book,https://doi.org/10.1016/j.jbusres.2019.07.039,N,,,S091,0,interface_support_only
zanna2025hybrid,2025,A Framework for Hybrid Physics--AI Coupled Ocean Models,article,arXiv preprint arXiv:2510.22676,ocean_parameterization_and_hybrid_models,foundational_or_component_method,preprint,https://doi.org/10.48550/arXiv.2510.22676,C,D;S,Preprint framework for hybrid physics--AI coupling.,S092,2,configuration_coded
zhao2024physicaloceanreview,2024,Applications of Deep Learning in Physical Oceanography: A Comprehensive Review,article,Frontiers in Marine Science,ocean_machine_learning_reviews,survey_or_review,peer_reviewed_or_book,https://doi.org/10.3389/fmars.2024.1396322,O;C;E,,Recent review used to position coverage of physical-oceanography applications.,S093,0,interface_support_only
hao2025oceanforecastreview,2025,"Deep Learning for Ocean Forecasting: A Comprehensive Review of Methods, Applications, and Datasets",article,IEEE Transactions on Cybernetics,ocean_forecasting_reviews,survey_or_review,peer_reviewed_or_book,https://doi.org/10.1109/TCYB.2025.3539990,O;C;E;N,,"Recent forecasting review used to position methods, applications, and datasets.",S094,0,interface_support_only
luo2026atmosocean,2026,"AI for Atmosphere--Ocean Sciences: Advancements, Challenges and Ways Forward",article,National Science Review,atmosphere_ocean_ai_reviews,survey_or_review,peer_reviewed_or_book,https://doi.org/10.1093/nsr/nwag063,O;C;E;A;N,,Recent broad synthesis used to position atmosphere--ocean AI and hybrid scientific systems.,S095,0,interface_support_only
chen2025acousticworldsurvey,2025,A Survey on World Models Grounded in Acoustic Physical Information,article,arXiv preprint arXiv:2506.13833,scope_boundary,survey_or_review,preprint,https://doi.org/10.48550/arXiv.2506.13833,context,,Adjacent acoustic survey retained to define a scope boundary; it is not counted as direct evidence for an ocean-intelligence interface.,S096,0,scope_boundary
chen2025nonlinearacoustic,2025,Nonlinear Acoustic Computing and Reinforcement Learning for Robust Human--Robot Audition in Challenging Environments,article,Proceedings of Meetings on Acoustics,scope_boundary,transferable_method,editor_reviewed_proceedings,https://doi.org/10.1121/2.0002158,context,,Terrestrial machine-audition article retained as a scope-boundary context record and excluded from configuration-level counts.,S097,0,scope_boundary
chen2025piawm,2025,A Physics-Informed Acoustic World Model for Challenging Scene Denoising and Dynamic Prediction,article,The Journal of the Acoustical Society of America,scope_boundary,conceptual_interface,meeting_abstract,https://doi.org/10.1121/10.0040518,context,,Meeting abstract retained as a scope-boundary context record and excluded from configuration-level counts.,S098,0,scope_boundary
chen2026sonarkan,2026,SonarKAN: Sonar Kolmogorov--Arnold Network for Disentangling Passive Sonar Signatures,misc,Research Square,passive_sonar,empirical_method,preprint,https://doi.org/10.21203/rs.3.rs-8942861/v1,O;C;N,S,"Simulation-based preprint; supports discussion of physics-aligned passive-sonar parameterization, not field validation.",S099,1,configuration_coded
chen2026physicsgated,2026,Physics-Gated Streaming Multi-Task Speech Front-End for Reliability-Weighted Teleconference Affect Aggregation,article,IEEE Access,scope_boundary,transferable_method,peer_reviewed_or_book,https://doi.org/10.1109/ACCESS.2026.3687928,context,,Terrestrial teleconference article retained as a scope-boundary context record and excluded from configuration-level counts.,S100,0,scope_boundary
kilfoyle2000telemetry,2000,The State of the Art in Underwater Acoustic Telemetry,article,IEEE Journal of Oceanic Engineering,underwater_acoustic_communication,foundational_review,peer_reviewed_or_book,https://doi.org/10.1109/48.820733,O;C,,Foundational review used for channel and telemetry constraints.,S101,0,interface_support_only
chitre2008communications,2008,Underwater Acoustic Communications and Networking: Recent Advances and Future Challenges,article,Marine Technology Society Journal,underwater_acoustic_communication,foundational_review,peer_reviewed_or_book,https://doi.org/10.4031/002533208786861263,O;C;N,,"Review used for channel, networking, and operational constraints.",S102,0,interface_support_only
preisig2007propagation,2007,Acoustic Propagation Considerations for Underwater Acoustic Communications Network Development,article,ACM SIGMOBILE Mobile Computing and Communications Review,underwater_acoustic_communication,physical_interface,peer_reviewed_or_book,https://doi.org/10.1145/1347364.1347370,O;C;N,,Propagation-to-network interface reference.,S103,0,interface_support_only
gao2026uapinnreview,2026,Physics-Informed Neural Networks for Underwater Acoustic Propagation Modeling: A Review,article,Electronics,underwater_acoustic_sciml,survey_or_review,peer_reviewed_or_book,https://doi.org/10.3390/electronics15020480,C;E;N,,Recent peer-reviewed review of PINN formulations for underwater acoustic propagation.,S104,0,interface_support_only
chen2025underwaterpinn,2025,Research on Intelligent Predicting Method of Underwater Acoustic Field Based on Physics-Informed Neural Network,article,Frontiers in Marine Science,underwater_acoustic_sciml,empirical_method,peer_reviewed_or_book,https://doi.org/10.3389/fmars.2025.1665305,C;E;N,S,Physics-informed underwater acoustic-field prediction study; publisher correction of 7 July 2026 recorded without changing citation metadata.,S105,1,configuration_coded
ainslie2010sonar,2010,Principles of Sonar Performance Modeling,book,Springer,ocean_acoustics_and_sonar,foundational_reference,peer_reviewed_or_book,https://doi.org/10.1007/978-3-540-87662-5,O;C;N,,"Canonical reference for sonar performance terms, propagation loss, reverberation, noise, and detection.",S106,0,interface_support_only
bianco2019mlacoustics,2019,Machine Learning in Acoustics: Theory and Applications,article,The Journal of the Acoustical Society of America,machine_learning_in_acoustics,survey_or_review,peer_reviewed_or_book,https://doi.org/10.1121/1.5133944,O;C;E;N,,"Peer-reviewed acoustics survey used to position physical representations, inverse problems, and data-driven methods.",S107,0,interface_support_only
jacox2022mhw,2022,Global Seasonal Forecasts of Marine Heatwaves,article,Nature,ocean_extremes_and_forecasting,ocean_system,peer_reviewed_or_book,https://doi.org/10.1038/s41586-022-04573-9,C;E;N,D,Seasonal marine-heatwave forecast evidence used for named-event and tail-evaluation requirements.,S108,1,configuration_coded
mcadam2023subsurfaceMHW,2023,Seasonal Forecasting of Subsurface Marine Heatwaves,article,Communications Earth & Environment,ocean_extremes_and_forecasting,ocean_system,peer_reviewed_or_book,https://doi.org/10.1038/s43247-023-00892-5,C;E;N,D,Subsurface extreme forecasting distinguishes surface verification from depth-resolved events.,S109,1,configuration_coded
bonino2024mhwML,2024,Machine Learning Methods to Predict Sea Surface Temperature and Marine Heatwave Occurrence: A Case Study of the Mediterranean Sea,article,Ocean Science,ocean_extremes_and_forecasting,ocean_system,peer_reviewed_or_book,https://doi.org/10.5194/os-20-417-2024,C;E;N,D,"Regional machine-learning evidence for event definition, horizon, and predictor dependence.",S110,1,configuration_coded
mogen2024marineExtremes,2024,Multi-Month Forecasts of Marine Heatwaves and Ocean Acidification Extremes,article,Nature Geoscience,compound_ocean_extremes,ocean_system,peer_reviewed_or_book,https://doi.org/10.1038/s41561-024-01593-0,C;E;N,D,Compound-extreme forecasts used to motivate event-type-specific and multivariate evaluation.,S111,1,configuration_coded
andersson2021icenet,2021,Seasonal Arctic Sea Ice Forecasting with Probabilistic Deep Learning,article,Nature Communications,sea_ice_forecasting,ocean_system,peer_reviewed_or_book,https://doi.org/10.1038/s41467-021-25257-4,C;E;N,D,Probabilistic sea-ice forecasting evidence used for regime and calibration discussion.,S112,1,configuration_coded
finn2023seaiceSubgrid,2023,Deep Learning Subgrid-Scale Parametrisations for Short-Term Forecasting of Sea-Ice Dynamics with a Maxwell Elasto-Brittle Rheology,article,The Cryosphere,sea_ice_subgrid_dynamics,foundational_or_component_method,peer_reviewed_or_book,https://doi.org/10.5194/tc-17-2965-2023,C;E;N,S,Subgrid sea-ice correction used to motivate resolution and closure transfer tests.,S113,1,configuration_coded
durand2024seaiceSurrogate,2024,Data-Driven Surrogate Modeling of High-Resolution Sea-Ice Thickness in the Arctic,article,The Cryosphere,sea_ice_surrogate_modeling,foundational_or_component_method,peer_reviewed_or_book,https://doi.org/10.5194/tc-18-1791-2024,C;E;N,S,High-resolution surrogate evidence used to distinguish field skill from recovered small-scale structure.,S114,1,configuration_coded
beucler2024climateInvariant,2024,Climate-Invariant Machine Learning,article,Science Advances,ood_and_physical_generalization,foundational_or_component_method,peer_reviewed_or_book,https://doi.org/10.1126/sciadv.adj7250,C;E;N,S,Transferable physical generalization method used for climate-regime shift discussion.,S115,1,configuration_coded
sun2025grayswan,2025,Can AI Weather Models Predict Out-of-Distribution Gray Swan Tropical Cyclones?,article,Proceedings of the National Academy of Sciences,extreme_weather_ood,empirical_method,peer_reviewed_or_book,https://doi.org/10.1073/pnas.2420914122,C;E;N,D,Rare high-intensity tropical-cyclone evaluation transferred cautiously to ocean-intelligence OOD design.,S116,1,configuration_coded
aubard2025sonarRobustness,2025,"Sonar-Based Deep Learning in Underwater Robotics: Overview, Robustness, and Challenges",article,IEEE Journal of Oceanic Engineering,underwater_sonar_robustness,survey_or_review,peer_reviewed_or_book,https://doi.org/10.1109/JOE.2025.3531933,O;C;E;A;N,,"Review used for environmental mismatch, open-set behavior, and sim-to-real limits in sonar-based robotics.",S117,0,interface_support_only
weiss2023robustLocalization,2023,Towards Robust Data-Driven Underwater Acoustic Localization: A Deep CNN Solution with Performance Guarantees for Model Mismatch,inproceedings,ICASSP 2023,underwater_acoustic_localization,empirical_method,peer_reviewed_or_book,https://doi.org/10.1109/ICASSP49357.2023.10094981,O;C;N,S,Model-mismatch localization evidence used for acoustic OOD and consequence evaluation.,S118,1,configuration_coded
niu2023uwaML,2023,Advances and Applications of Machine Learning in Underwater Acoustics,article,Intelligent Marine Technology and Systems,underwater_acoustic_machine_learning,survey_or_review,peer_reviewed_or_book,https://doi.org/10.1007/s44295-023-00005-0,O;C;E;N,,Peer-reviewed review used to broaden underwater acoustic machine-learning coverage.,S119,0,interface_support_only
lowe2025loopcurrent,2025,Long-Term Predictions of Loop Current Eddy Evolutions Using OceanNet: A Fourier Neural Operator-Based Data-Driven Ocean Emulator,article,Artificial Intelligence for the Earth Systems,regional_ocean_forecasting,ocean_system,peer_reviewed_or_book,https://doi.org/10.1175/AIES-D-24-0039.1,C;E;N,D,Regional eddy-evolution evidence used for dynamically difficult regime and long-rollout discussion.,S120,1,configuration_coded
zhang2023verticalMHW,2023,Vertical Structures of Marine Heatwaves,article,Nature Communications,ocean_extremes,foundational_or_component_method,peer_reviewed_or_book,https://doi.org/10.1038/s41467-023-42219-0,O;E;N,D,Observation-based vertical marine-heatwave structure used to motivate depth-resolved evaluation.,S121,1,configuration_coded
guo2024subsurfaceMHW,2024,Intensification of Future Subsurface Marine Heatwaves in an Eddy-Resolving Model,article,Nature Communications,ocean_extremes_and_subgrid_dynamics,foundational_or_component_method,peer_reviewed_or_book,https://doi.org/10.1038/s41467-024-54946-z,C;E;N,S,Eddy-resolving projection used to motivate sensitivity of subsurface extremes to fine-scale dynamics.,S122,1,configuration_coded
jahanmard2026principledFNO,2026,Principled Fourier Neural Operators for High-Resolution Regional Ocean Modeling,article,Journal of Geophysical Research: Machine Learning and Computation,regional_ocean_sciml,ocean_system,peer_reviewed_or_book,https://doi.org/10.1029/2025JH001131,C;E;N,D,High-resolution regional neural-operator evidence used for scale-aware ocean modeling discussion.,S123,1,configuration_coded
long2023deepUDA,2023,Deep Unsupervised Adversarial Domain Adaptation for Underwater Source Range Estimation,article,The Journal of the Acoustical Society of America,underwater_acoustic_domain_adaptation,empirical_method,peer_reviewed_or_book,https://doi.org/10.1121/10.0022380,O;C;N,D;S,Domain-adaptation evidence for simulated-to-measured source ranging under environmental mismatch; does not by itself establish open-ocean generalization.,S124,2,configuration_coded
liu2024shipsUDA,2024,Unsupervised Domain Adaptation for Source Localization Using Ships of Opportunity with a Deep Vertical Line Array,article,IEEE Journal of Oceanic Engineering,underwater_acoustic_domain_adaptation,empirical_method,peer_reviewed_or_book,https://doi.org/10.1109/JOE.2023.3301089,O;C;N,D,"Unlabeled target-domain adaptation evidence for deep-ocean localization; supports explicit source-domain, target-domain, and measurement-lineage reporting.",S125,1,configuration_coded
zhou2025partialDA,2025,Alleviating Negative Transfer Using Unsupervised Adversarial Partial Domain Adaptation for Underwater Source Range Estimation,article,The Journal of the Acoustical Society of America,underwater_acoustic_domain_adaptation,empirical_method,peer_reviewed_or_book,https://doi.org/10.1121/10.0039634,O;C;N,D;S,Partial-domain adaptation evidence showing that range-space mismatch can cause negative transfer; motivates support diagnostics and adverse-transfer reporting.,S126,2,configuration_coded
kari2026jointDA,2026,Joint Source--Environment Adaptation of Data-Driven Underwater Acoustic Source Ranging Based on Model Uncertainty,article,IEEE Journal of Oceanic Engineering,underwater_acoustic_domain_adaptation,empirical_method,peer_reviewed_or_book,https://doi.org/10.1109/JOE.2025.3638518,O;C;N,D;S,Source--environment adaptation evaluated with experimental and simulated acoustic data; supports uncertainty-aware adaptation under previously unseen environments.,S127,2,configuration_coded
cohen2025mhwObjects,2025,Object-Based Evaluation of Seasonal-to-Multiyear Marine Heatwave Predictions,article,Geophysical Research Letters,ocean_extremes_and_forecasting,ocean_system,peer_reviewed_or_book,https://doi.org/10.1029/2025GL115021,C;E;N,D,"Object-based forecast verification used to motivate complete-event holdouts and location, area, and intensity metrics rather than pointwise averages alone.",S128,1,configuration_coded
huang2025tropicyclonenet,2025,Benchmark Dataset and Deep Learning Method for Global Tropical Cyclone Forecasting,article,Nature Communications,extreme_weather_ood,benchmark_or_ocean_system,peer_reviewed_or_book,https://doi.org/10.1038/s41467-025-61087-4,O;C;E;N,D,"Multibasin tropical-cyclone dataset and model used to motivate basin holdouts, heterogeneous environmental inputs, and explicit OOD evaluation.",S129,1,configuration_coded
niu2026regionalTyphoon,2026,A Regional Artificial Intelligence Model for Skillful Typhoon Prediction,article,npj Natural Hazards,extreme_weather_and_regional_forecasting,empirical_method,peer_reviewed_or_book,https://doi.org/10.1038/s44304-026-00219-2,C;E;N,D,"High-resolution regional typhoon forecasting used to motivate mesoscale structure, intensity, boundary forcing, and verification-lineage checks.",S130,1,configuration_coded
browne2026oras6SeaIce,2026,Sea Ice Data Assimilation in ORAS6,article,The Cryosphere,sea_ice_data_assimilation,ocean_system,peer_reviewed_or_book,https://doi.org/10.5194/tc-20-3299-2026,O;C;E;N,D,Multicategory sea-ice assimilation makes subgrid thickness distribution and bounded-state constraints explicit.,S131,1,configuration_coded
williams2026antarcticSIT,2026,Enhanced Prediction Skill of Antarctic Sea Ice through Sea Ice Thickness Assimilation,article,The Cryosphere,sea_ice_data_assimilation_and_prediction,ocean_system,peer_reviewed_or_book,https://doi.org/10.5194/tc-20-3795-2026,O;C;E;N,D,Long-hindcast sea-ice thickness assimilation used to motivate regional and seasonal stratification and reporting of both gains and degradation.,S132,1,configuration_coded
williams2023subgridSIT,2023,The Effects of Assimilating a Sub-grid-scale Sea Ice Thickness Distribution in a New Arctic Sea Ice Data Assimilation System,article,The Cryosphere,sea_ice_data_assimilation,ocean_system,peer_reviewed_or_book,https://doi.org/10.5194/tc-17-2509-2023,O;C;E;N,D,Assimilation of the thickness-category distribution shows that unresolved sea-ice structure can alter the resolved analysis and should be part of the state and observation contract.,S133,1,configuration_coded
edel2025arcticSIT,2025,Reconstruction of Arctic Sea Ice Thickness (1992--2010) Based on a Hybrid Machine Learning and Data Assimilation Approach,article,The Cryosphere,sea_ice_hybrid_assimilation,ocean_system,peer_reviewed_or_book,https://doi.org/10.5194/tc-19-731-2025,O;C;E;N,D,"Hybrid reconstruction illustrates the dependence of historical state estimates on observation coverage, retrieval uncertainty, reanalysis lineage, and learned correction support.",S134,1,configuration_coded
rotondo2026seaIceAlbedo,2026,Sea Ice Albedo Bounded Data Assimilation and Its Impact on Modeling: A Regional Approach,article,The Cryosphere,sea_ice_data_assimilation,empirical_method,peer_reviewed_or_book,https://doi.org/10.5194/tc-20-1523-2026,O;C;E;N,S,"Bounded assimilation of concentration, thickness, and albedo supports explicit treatment of state constraints, observation uncertainty, and region-dependent benefits.",S135,1,configuration_coded
liu2026ssfdiffusion,2026,SSFDiffusion: A Degradation-Aware Diffusion Model for Ocean Sound Speed Field Super-Resolution,article,IEEE Journal of Selected Topics in Applied Earth Observations and Remote Sensing,ocean_sound_speed_reconstruction,empirical_method,peer_reviewed_or_book,https://doi.org/10.1109/JSTARS.2026.3676542,O;C;N,D,Degradation-aware sound-speed-field reconstruction motivates explicit modeling of unknown observation degradation and non-Gaussian noise; it does not by itself establish propagation or receiver-task fidelity.,S136,1,configuration_coded
lher2026subarray,2026,Gain Assessment of Environmental-Informed Subarray Processing: The ALMA 2017 Example,article,IEEE Journal of Oceanic Engineering,underwater_acoustic_environmental_processing,empirical_method,peer_reviewed_or_book,https://doi.org/10.1109/JOE.2026.3657278,O;C;N,D,At-sea environmental and acoustic measurements link ocean fluctuations to array coherence and subarray design; the evidence supports consequence-aware processing rather than generic field-accuracy claims.,S137,1,configuration_coded
meyers2025hil,2025,Testing and Evaluation of Underwater Vehicle Using Hardware-in-the-Loop Simulation with HoloOcean,inproceedings,OCEANS 2025 - Great Lakes,marine_robotics_and_active_sensing,foundational_or_component_method,peer_reviewed_or_book,https://doi.org/10.23919/OCEANS59106.2025.11245188,O;E;A;N,H,HIL/SIL underwater-vehicle evaluation with comparison to field-trial behavior.,S138,1,configuration_coded
christensen2026semantic,2026,Foundation Models on the Bridge: Semantic Hazard Detection and Safety Maneuvers for Maritime Autonomy with Vision-Language Models,article,Ocean Engineering,marine_robotics_and_active_sensing,foundational_or_component_method,peer_reviewed_or_book,https://doi.org/10.1016/j.oceaneng.2026.124646,O;C;E;A;N,F,Evaluates a predefined human-overridable fallback policy and on-water end-to-end operation.,S139,1,configuration_coded
dong2023assurance,2023,Reliability Assessment and Safety Arguments for Machine Learning Components in System Assurance,article,ACM Transactions on Embedded Computing Systems,uncertainty_safety_and_validation,foundational_or_component_method,peer_reviewed_or_book,https://doi.org/10.1145/3570918,N,S,Develops quantitative assurance-case machinery and evaluates it with a simulated AUV case study.,S140,1,configuration_coded
patterson2026seaturtle,2026,Autonomous Sea Turtle Robot for Marine Fieldwork,misc,arXiv preprint arXiv:2602.21389,marine_robotics_and_active_sensing,foundational_or_component_method,preprint,https://doi.org/10.48550/arXiv.2602.21389,O;E;A,H,Validates vision-driven closed-loop underwater autonomy in controlled pool and live-aquarium water environments.,S141,1,configuration_coded
garwood2026multirobot,2026,Recent Advances and Opportunities for Multi-Robot Systems in Oceanography,article,Frontiers in Marine Science,marine_robotics_and_active_sensing,survey_or_review,peer_reviewed_or_book,https://doi.org/10.3389/fmars.2026.1823155,O;E;A;N,,"Eligible 2026 closest review; comparison source for multi-robot oceanography, coordination, communications, and deployment gaps; review record only.",S142,0,interface_support_only
